series_id,series_title,labor_force_status,type_of_data,age,class_of_worker,labor_force_experience,industry
LNU03000000,(Unadj) Unemployment Level,Unemployed,Number in thousands,16 years and over,,,
LNU04000000,(Unadj) Unemployment Rate,Unemployment rate,Percent or rate,16 years and over,,,
LNU03032229,"(Unadj) Unemployment Level - Nonagriculture, Private Wage and Salary Workers",Unemployed,Number in thousands,16 years and over,Private wage and salary workers,Experienced,Nonagriculture industries
LNU04032229,"(Unadj) Unemployment Rate - Nonagriculture, Private Wage and Salary Workers",Unemployment rate,Percent or rate,16 years and over,Private wage and salary workers,Experienced,Nonagriculture industries
LNU03032230,"(Unadj) Unemployment Level - Mining, quarrying, and oil and gas extraction, Nonagricultural Private Wage and Salary Workers",Unemployed,Number in thousands,16 years and over,Private wage and salary workers,Experienced,"Mining, quarrying, and oil and gas extraction"
LNU04032230,"(Unadj) Unemployment Rate - Mining, quarrying, and oil and gas extraction, Nonagricultural Private Wage and Salary Workers",Unemployment rate,Percent or rate,16 years and over,Private wage and salary workers,Experienced,"Mining, quarrying, and oil and gas extraction"
LNU03032231,"(Unadj) Unemployment Level - Construction Industry, Private Wage and Salary Workers",Unemployed,Number in thousands,16 years and over,Private wage and salary workers,Experienced,Construction
LNU04032231,"(Unadj) Unemployment Rate - Construction Industry, Private Wage and Salary Workers",Unemployment rate,Percent or rate,16 years and over,Private wage and salary workers,Experienced,Construction
LNU03032232,"(Unadj) Unemployment Level - Manufacturing Industry, Private Wage and Salary Workers",Unemployed,Number in thousands,16 years and over,Private wage and salary workers,Experienced,Manufacturing
LNU04032232,"(Unadj) Unemployment Rate - Manufacturing Industry, Private Wage and Salary Workers",Unemployment rate,Percent or rate,16 years and over,Private wage and salary workers,Experienced,Manufacturing
LNU03032233,"(Unadj) Unemployment Level - Durable Goods Industry, Private Wage and Salary Workers",Unemployed,Number in thousands,16 years and over,Private wage and salary workers,Experienced,Durable goods manufacturing
LNU04032233,"(Unadj) Unemployment Rate - Durable Goods Industry, Private Wage and Salary Workers",Unemployment rate,Percent or rate,16 years and over,Private wage and salary workers,Experienced,Durable goods manufacturing
LNU03032234,"(Unadj) Unemployment Level - Non Durable Goods Industry, Private Wage and Salary Workers",Unemployed,Number in thousands,16 years and over,Private wage and salary workers,Experienced,Nondurable goods manufacturing
LNU04032234,"(Unadj) Unemployment Rate - Non Durable Goods Industry, Private Wage and Salary Workers",Unemployment rate,Percent or rate,16 years and over,Private wage and salary workers,Experienced,Nondurable goods manufacturing
LNU03032235,"(Unadj) Unemployment Level - Wholesale and Retail Trade, Private Wage and Salary Workers",Unemployed,Number in thousands,16 years and over,Private wage and salary workers,Experienced,Wholesale and retail trade
LNU04032235,"(Unadj) Unemployment Rate - Wholesale and Retail Trade, Private Wage and Salary Workers",Unemployment rate,Percent or rate,16 years and over,Private wage and salary workers,Experienced,Wholesale and retail trade
LNU03032236,"(Unadj) Unemployment Level - Transportation and Utilities Industry, Private Wage and Salary Workers",Unemployed,Number in thousands,16 years and over,Private wage and salary workers,Experienced,Transportation and utilities
LNU04032236,"(Unadj) Unemployment Rate - Transportation and Utilities Industry, Private Wage and Salary Workers",Unemployment rate,Percent or rate,16 years and over,Private wage and salary workers,Experienced,Transportation and utilities
LNU03032237,"(Unadj) Unemployment Level - Information Industry, Private Wage and Salary Workers",Unemployed,Number in thousands,16 years and over,Private wage and salary workers,Experienced,Information
LNU04032237,"(Unadj) Unemployment Rate - Information Industry, Private Wage and Salary Workers",Unemployment rate,Percent or rate,16 years and over,Private wage and salary workers,Experienced,Information
LNU03032238,"(Unadj) Unemployment Level - Financial Activities Industry, Private Wage and Salary Workers",Unemployed,Number in thousands,16 years and over,Private wage and salary workers,Experienced,Financial activities
LNU04032238,"(Unadj) Unemployment Rate - Financial Activities Industry, Private Wage and Salary Workers",Unemployment rate,Percent or rate,16 years and over,Private wage and salary workers,Experienced,Financial activities
LNU03032239,"(Unadj) Unemployment Level - Professional and Business Services Industry, Private Wage and Salary Workers",Unemployed,Number in thousands,16 years and over,Private wage and salary workers,Experienced,Professional and business services
LNU04032239,"(Unadj) Unemployment Rate - Professional and Business Services Industry, Private Wage and Salary Workers",Unemployment rate,Percent or rate,16 years and over,Private wage and salary workers,Experienced,Professional and business services
LNU03032240,"(Unadj) Unemployment Level - Education and Health Services, Private Wage and Salary Workers",Unemployed,Number in thousands,16 years and over,Private wage and salary workers,Experienced,Education and health services
LNU04032240,"(Unadj) Unemployment Rate - Education and Health Services, Private Wage and Salary Workers",Unemployment rate,Percent or rate,16 years and over,Private wage and salary workers,Experienced,Education and health services
LNU03032241,"(Unadj) Unemployment Level - Leisure and Hospitality, Private Wage and Salary Workers",Unemployed,Number in thousands,16 years and over,Private wage and salary workers,Experienced,Leisure and hospitality
LNU04032241,"(Unadj) Unemployment Rate - Leisure and Hospitality, Private Wage and Salary Workers",Unemployment rate,Percent or rate,16 years and over,Private wage and salary workers,Experienced,Leisure and hospitality
LNU03032242,"(Unadj) Unemployment Level - Other Services Industry, Private Wage and Salary Workers",Unemployed,Number in thousands,16 years and over,Private wage and salary workers,Experienced,Other services
LNU04032242,"(Unadj) Unemployment Rate - Other Services Industry, Private Wage and Salary Workers",Unemployment rate,Percent or rate,16 years and over,Private wage and salary workers,Experienced,Other services
LNU03035109,(Unadj) Unemployment Level - Agricultural and Related Private Wage and Salary Workers,Unemployed,Number in thousands,16 years and over,Private wage and salary workers,Experienced,Agriculture and related industries
LNU04035109,(Unadj) Unemployment Rate - Agricultural and Related Private Wage and Salary Workers,Unemployment rate,Percent or rate,16 years and over,Private wage and salary workers,Experienced,Agriculture and related industries
LNU03028615,(Unadj) Unemployment Level All Industries Government Wage & Salary Workers,Unemployed,Number in thousands,16 years and over,Government wage and salary workers,Experienced,
LNU04028615,(Unadj) Unemployment Rate All Industries Government Wage & Salary Workers,Unemployment rate,Percent or rate,16 years and over,Government wage and salary workers,Experienced,
LNU03035181,"(Unadj) Unemployment Level - All Industries, Self-employed, Unincorporated, and Unpaid family workers",Unemployed,Number in thousands,16 years and over,"Self-employed unincorporated, and unpaid family workers (8 and 9)",Experienced,
LNU04035181,"(Unadj) Unemployment Rate - All industries, Self-employed, Unincorporated, and Unpaid family workers",Unemployment rate,Percent or rate,16 years and over,"Self-employed unincorporated, and unpaid family workers (8 and 9)",Experienced,
