Figure 7. Changes in the Occupational Mix Since 2004 by Major Industry,Unnamed: 1,Unnamed: 2,Unnamed: 3,Unnamed: 4,Unnamed: 5,Unnamed: 6,Unnamed: 7,Unnamed: 8,Unnamed: 9,Unnamed: 10
Subtitle: Dissimilarity index (percentage points). Months from baseline on x-axis,,,,,,,,,,
Notes: Dissimilarity index is calculated using a 12-month moving average of employment data,,,,,,,,,,
"Source: CPS, The Budget Lab analysis",,,,,,,,,,
,,,,,,,,,,
Months from Jan 2003,Natural Resources and Mining,Construction,Manufacturing,"Trade, Transportation, and Utilities",Information,Financial Activities,Professional and Business Services,Education and Health Services,Leisure and Hospitality,Other Services
0,0,0,0,0,0,0,0,0,0,0
1,0.796345490286933,0.662545812647742,0.787805254934246,0.501807934145449,1.26446261879439,0.786575485071535,0.783151171565678,0.439215181816712,0.688905470604614,0.957369413519783
2,1.4908787223617,1.11675226116416,1.45487290817005,0.980262345442402,2.22396062716879,1.43786914732628,1.37790149415629,0.797763267485304,1.21364330979153,1.87497596870082
3,2.17944992515982,1.46344187570483,2.12962218549247,1.39787657010418,3.17787856339653,1.91459088110034,1.80781203297127,1.12969571892086,1.62975405121062,2.77935686383753
4,2.86698301229982,1.72062645446431,2.71601456164758,1.73919665546828,3.9797936558619,2.36994359419701,2.30449793466731,1.3762908741889,1.91017536917667,3.46063546011946
5,3.52130818992882,2.07796386476717,3.15134833283436,2.020073831721,4.60881747075559,2.79853676890458,2.73578819024775,1.61820489487712,2.21389407125475,4.14866321905361
6,4.16686664132867,2.4674709041842,3.37757039108145,2.3146790329997,5.42613978421,3.12632190398446,3.2153581674158,1.84477090668612,2.49454052438398,4.67681457072477
7,4.95455558212533,2.98068605772748,3.64778701669944,2.56127972840716,6.22084430776358,3.49164279511919,3.71867863763481,2.05238432730237,2.7314526057769,5.030919326232
8,5.35773504549683,3.43416775249475,4.01333611839457,2.67249910422538,6.58438020614792,3.74817498976926,4.11150814889645,2.26272079949401,3.06777977222941,5.34359739750415
9,6.06394740807598,3.76463508939518,4.31838884532237,2.75413885988979,6.89363086366297,4.24529227754899,4.60834738416821,2.39927866091069,3.30437212670265,5.70135939267435
10,6.66533558810315,4.06433744042887,4.49778890889057,2.92340585693501,7.00600047189852,4.73938898612692,5.01877371214161,2.55142060600275,3.39833664654242,6.01223476369805
11,7.17287915575496,4.33685552099501,4.68832348536226,3.11357338837151,7.41216954540126,5.05655332357366,5.47718956878332,2.66581678072146,3.57093904342442,6.26492090103231
12,7.60065093946234,4.48478795826209,4.85645158304584,3.23441617930676,7.44143386912551,5.45565611501833,5.6861902108154,2.8160753630394,3.73192338926876,6.36631360956395
13,7.8774439785503,4.74477575291837,4.95744235944171,3.29455818295742,7.83532232916459,5.80353076952393,5.83124962867631,2.97835855222579,3.91832645203381,6.35984694611784
14,8.3244909848591,4.90501634048719,5.01628296337422,3.29223264375543,8.30415374596015,6.03271553544156,5.83632394662366,3.06278524178962,4.190092513189,6.40246013009712
15,8.29639984134015,5.17571498061646,5.10444877023571,3.27086679559811,8.58996573314732,6.21954295023584,5.8425475653765,3.10475377015446,4.31776741543051,6.50022065534307
16,8.48389477853571,5.34300999789441,5.16421538311689,3.26947181964247,8.69200691522248,6.17855478369965,5.96116496341331,3.09996185538209,4.38804812430274,6.5939478419031
17,8.56145958670379,5.53266746015424,5.30270656292534,3.31576935243138,8.99385880383038,6.21471691403601,5.98140890773083,3.19676191495899,4.5001973013971,6.71416684900768
18,8.45792629364837,5.73780365580061,5.34499333655522,3.3370003155971,8.9766285008121,6.23369400159422,6.07228977554771,3.20793050034022,4.58318503762719,6.60089074720326
19,8.57212194830097,5.89534487635433,5.37769308485349,3.3923363748942,9.0864190925133,6.38189318642592,6.06149584743726,3.26724324143847,4.73338667444722,6.52113205066739
20,8.72359659773683,5.87627331529487,5.44910499748198,3.4323540228978,9.30514019021733,6.3948238723498,6.02977580794161,3.32426551690254,4.77049886259139,6.68559027424454
21,8.59937800167413,5.90791141356694,5.44972634633916,3.47444190642884,9.49002647047986,6.43156428585474,6.01252688157847,3.34887927983675,4.72086227406783,6.81585111210109
22,8.82665259885429,5.96053126448036,5.49615046960446,3.59394645165083,9.74693897809555,6.39222439398335,6.12884779085966,3.42578018418563,4.83109640230415,6.77607858380344
23,8.93267366747445,5.98943255835381,5.44013681122523,3.67902862966237,9.79693083134615,6.53721407662715,6.20620578444937,3.44644954425243,4.91646942661023,6.74458696825589
24,9.0463396682686,6.04271767271562,5.45916871769543,3.82184647172045,9.68600611663605,6.59472189015778,6.20445481459523,3.45578352602434,4.90113499978877,6.92476820152954
25,8.99980994335244,6.040928476964,5.45718552626689,3.92577784692517,9.58406371130071,6.58394212271119,6.32351594976863,3.51446679249718,4.86558480632761,7.01995267689304
26,9.06066485509008,6.16022864499199,5.50644880983913,4.06634951063495,9.31708499111322,6.56418910869322,6.4398673711304,3.50800672225366,4.82989634359239,6.96944987815678
27,9.14570449219528,6.31304696426249,5.61351358525706,4.15431960870309,9.10238667384953,6.57660266659803,6.57653464453736,3.54031655123064,4.92846991353262,6.98684871057347
28,8.79829009343612,6.46045215854269,5.77481893948525,4.22632953265887,9.17967934300006,6.58494064676057,6.61802117182577,3.55609111479368,5.10985816448953,7.10905439582732
29,8.64974079538539,6.60649563290784,5.94644918685178,4.25865377059359,9.24991185499644,6.6494459695216,6.68869501740649,3.56941817138699,5.24467302606969,7.21469409460193
30,8.70517277796,6.62485026693253,5.96715944767246,4.23859536200849,9.37442733722534,6.62320979757751,6.72856471083104,3.55233775642076,5.39966394763042,7.21258839734038
31,8.77209477511482,6.76466201353361,6.0290714953465,4.21607254756707,9.52493710876839,6.60203172937486,6.84068319532533,3.54553159469191,5.32611428731552,7.36282243066191
32,8.97296154926722,6.97009526763992,6.16156775588567,4.24976352417465,9.50263551148742,6.75565499172838,6.90919927689721,3.45988539279905,5.31101183970846,7.56666378238295
33,9.02440914827544,7.16231111338286,6.2538211579444,4.30506283423804,9.39425655799678,6.83688557351169,7.14236851901134,3.46959290601376,5.4475935449956,7.53781535134872
34,9.14481692975,7.34819874934127,6.30181292789656,4.35063662501869,9.41275054882609,6.88700592177498,7.35792970467048,3.39346677321362,5.36622959868566,7.5732377125641
35,9.53555091115777,7.50876817927637,6.41863302256768,4.39874510909188,9.67881234184726,6.84433858148452,7.53072904224092,3.39370803427158,5.31005275528284,7.56115510613079
36,9.67250060208956,7.46417884434104,6.43612313024492,4.36001276822917,10.1010944579972,6.87176752452355,7.67901005237309,3.47305201723758,5.36617311144025,7.53275566622694
37,9.81785043868689,7.5404122722731,6.38416210695656,4.34652776617114,10.2602640173234,6.8738600003165,7.7317522138124,3.53397989546758,5.31143283765641,7.56943160686089
38,9.93199612937068,7.76836305884077,6.28829226220388,4.24899995856085,10.5551240481137,6.9265012899641,7.6620930649558,3.600941548835,5.3811272602712,7.53445951431595
39,10.288625332847,8.02893734893789,6.0829638031883,4.25413227068751,10.8257675049433,6.92824543532323,7.61775124219631,3.69011789584821,5.42704886786341,7.44585991372192
40,10.4356913093586,8.25611530224543,5.96890739885374,4.27044353526289,10.8174379041808,6.97254478030996,7.51323115468557,3.81103948220434,5.56995896664572,7.57679901553922
41,10.6981400916097,8.54080968556792,5.8071543531568,4.34392758978263,10.8769047874259,7.09738314448706,7.47335410978558,3.90720880640174,5.59541695276334,7.49617662219665
42,10.7315614627617,8.76497606992263,5.77011854161357,4.41699810942384,10.8784492426385,7.30470227092162,7.41914844392871,4.11488896808376,5.55405729329279,7.56283862442453
43,11.0313696074578,8.82573602487854,5.79887969357203,4.49805815021446,10.8537525363705,7.45118716507192,7.53359195411163,4.27412693957051,5.63687240035855,7.65712174625573
44,11.3177021432363,8.75212488826071,5.92743747594648,4.64272895834515,11.2300960153321,7.51646861712624,7.59165268132771,4.39354601841793,5.73835495760142,7.77317079932829
45,11.534845277618,8.8880332322119,6.12530598528415,4.71892259789627,11.343985885882,7.5838491710274,7.65211450978328,4.45749871465774,5.77838184072399,7.92806786204762
46,11.5623151380048,8.98205239120765,6.29181458357142,4.79285003790752,11.370438756683,7.60919847434438,7.74213896869445,4.51927345242712,5.70762706848302,7.89504213170525
47,11.564892523027,9.11022155066205,6.46458545761904,4.82593091656637,11.2550921356735,7.70208721045848,7.81061906811862,4.60491467784466,5.69671706313099,7.80669500271564
48,11.3784210003322,9.2596383595335,6.55339602160583,4.93785735921854,11.0290542648365,7.66796907132851,7.88512862271294,4.64897241220598,5.76645649494603,7.81324536776873
49,11.1699988516519,9.41047798804598,6.73009841580301,5.05549359799356,10.7472841222909,7.69744260962203,8.03519467982642,4.61694934640185,5.79948768870569,7.73312418257676
50,10.7638939863244,9.61494408653517,6.81681352787255,5.22219127321544,10.5540410175617,7.6551595944098,8.23486998188753,4.65702059337147,5.80974819201764,7.62642746021256
51,10.4901615088268,9.66305852634754,6.90254423693855,5.34464177140929,10.3707111918887,7.621689659141,8.28052901177174,4.632202757856,5.81156537326985,7.60592400286599
52,10.3834648434829,9.79495218400101,7.02560605321108,5.45324703907477,10.4238102478288,7.67048848680028,8.35070151851721,4.62533483087852,5.70748268326477,7.64086539339622
53,10.2706729811197,9.85336251848791,7.07230585865639,5.54804163575893,10.4319911825843,7.76445465092075,8.38381227605135,4.57832445781283,5.75167373878315,7.7004000922548
54,10.5561640937182,9.97113160395927,7.12842135894589,5.61896057941546,10.4925353163447,7.81452759763053,8.43323485245156,4.53058683595602,5.7064611409045,7.72174710704584
55,10.803706557336,10.0942186567491,7.17687117414859,5.64333527041915,10.4230667834831,8.02416981605081,8.38139304658456,4.58817539025539,5.67514418384037,7.78556392968549
56,10.5406958629144,10.1826078708707,7.19086213267707,5.59452446190134,10.250819545234,8.18019092495969,8.185698356259,4.6144637585789,5.71437295522268,7.98759899764821
57,10.7581741883159,10.223199551112,7.19197322319986,5.51513730192145,10.5234237971671,8.18152064385874,8.04173418446188,4.63554090138308,5.63636697840163,8.08524558774352
58,10.8053437049223,10.1910609429357,7.16624771633834,5.40311703234727,10.560983811799,8.30728476062847,8.03636561558366,4.66966315850152,5.66544848684125,8.16298429200937
59,10.841576394602,10.2770196143497,7.22023928161308,5.4216137914906,10.6748129278419,8.33909291977108,8.03395123320983,4.6543985122986,5.70638717700302,8.27635305822345
60,10.6955874826351,10.3857334600545,7.38001091491155,5.4110477639019,10.8471105557648,8.22842252653767,8.10380477556065,4.66604143349084,5.80687388885482,8.39887677991642
61,10.8290384629806,10.5083021309668,7.45920392008549,5.46206329387278,11.0790336864294,8.23810803824893,8.17340369856095,4.72180501215828,5.94005149474005,8.5225783060956
62,10.9884402188744,10.6074039663143,7.55397764832921,5.43890837869544,11.3535669418478,8.34929712479855,8.27841814211766,4.72356027529564,6.02805431240054,8.62790991984014
63,11.1007539707172,10.6752111007737,7.56870403036403,5.40224556245212,11.6117952385335,8.41861007322094,8.32475060989446,4.78293004663412,6.11434792568544,8.74413605899564
64,11.168955853818,10.7784355481024,7.48066341463584,5.37358163576713,11.9253450060063,8.49478464420989,8.40840667991516,4.8209747355019,6.18254246722191,8.92929400712666
65,11.18539244401,10.8394891652644,7.40062916460784,5.35245789930394,12.3075514996921,8.48800745695327,8.47191309741829,4.92844816110613,6.14522379801059,8.93251413026182
66,11.0121340872651,10.969120415475,7.33674708003275,5.41688661525724,12.488198351852,8.58827602974513,8.45342574644851,4.99744585454419,6.13608771809305,8.81268738829702
67,10.9393890702842,10.9850217998119,7.39212678704424,5.53442647364272,12.5844221645847,8.64659243782785,8.55119344947275,5.06634914585504,6.12495256335777,8.76329319315286
68,10.8164564542468,11.0256800229882,7.46110517360699,5.70740762617317,12.4333666561251,8.651410287484,8.81057615526545,5.09699639913554,6.08612941539307,8.55579851943379
69,10.836533662116,11.0435558093104,7.54578860514066,5.82608296211827,12.238193156293,8.61929163846961,9.01180665416233,5.07914555007777,6.16855828150997,8.71547516150473
70,11.2419728352007,10.9342925180592,7.67262432353344,5.91087637788121,12.2585624120774,8.50312413523759,8.97070497123883,5.08143621393659,6.13230359205678,8.88643157100325
71,11.2119516374833,10.8927552006159,7.65189090015687,5.91827440304566,12.2959187176081,8.31525244503761,8.89007590015091,5.07795481374838,6.14719814068785,8.85538502723712
72,11.485323445334,10.8770783987689,7.6706485104876,6.04578771271791,12.1522227428681,8.34860865032407,8.95653615009819,5.11277291477306,6.18414124912644,8.920501426204
73,11.6245816068032,11.0067044003086,7.68329218235555,6.16144308883961,12.2376568963988,8.40204163103981,8.98174751602527,5.12095725528004,6.18231481525862,8.88014099888625
74,11.8710672547604,11.156049806877,7.68136927655821,6.24556775094532,12.3024583699103,8.45287998445989,9.0303555318925,5.15424681179604,6.22451456206297,8.78995438136944
75,11.9551891530634,11.2178709959545,7.67897713854785,6.36256684838761,12.3391505912595,8.46427504630963,9.16823699040086,5.13740055719038,6.26334953246698,8.78653572949098
76,12.0936222184338,11.1715365251338,7.77594571044746,6.50031207067511,12.1422133244167,8.50020809063047,9.25399087155349,5.11663814501251,6.29326749538027,8.58982762378692
77,12.1566297624814,11.1624497004453,7.79224116602228,6.52922739181148,12.0969895106776,8.6646080372024,9.29271719604996,5.10701959737707,6.40230313264824,8.60835248936739
78,12.2076173726474,10.9668059380487,7.83327489117691,6.55445560785289,12.2867486902314,8.74195813262639,9.38678316528931,5.16958432583292,6.48789092855807,8.69255358521153
79,12.1382515470705,10.8186253377549,7.87543253366321,6.63241341315177,12.682809990703,8.94121958547134,9.51335871183531,5.30392408696323,6.44960034030929,8.56067283628136
80,12.2557826239915,10.6771186426644,7.96903968425945,6.76428489751588,13.2052264101072,9.11066555917084,9.64371764181782,5.4257862621133,6.49386759780727,8.67778856204103
81,12.375247979466,10.6489358654941,8.09015754632355,6.90185757171749,13.4710398967386,9.27517357949651,9.69075251522824,5.53607028265198,6.52582624077359,8.79688380814871
82,12.3081018310761,10.6376982740636,8.16357031515179,7.03512525517108,13.4256815515227,9.34381480011573,9.75559509803402,5.64731137227655,6.71169289562861,8.92183248381373
83,12.0946921947367,10.6316210163984,8.27195691225553,7.156083395615,13.4820970857395,9.53451608940956,9.84005843437227,5.67989841115613,6.79838470869738,9.03699920748792
84,12.2183067638251,10.7216960088358,8.34385887740585,7.14301035408471,13.6498005150039,9.43235445546247,9.87573290837355,5.7189016870624,6.78295406043447,9.26128590945015
85,12.2919493980533,10.7361425654494,8.44271303231478,7.07294383778758,14.0517725144323,9.37808684866867,10.0060307990421,5.72962526489574,6.81757851404052,9.44241717686114
86,12.3483192679144,10.6074201143808,8.49368122830031,7.0471452996912,14.0896917145738,9.50905325575124,10.1197324735072,5.74651152067082,6.85113574986167,9.53326895697038
87,12.4000569653581,10.4082735375328,8.52728849254053,7.04619935883075,14.1923083194295,9.57121066233711,10.2364398360821,5.8808774762277,6.90658764241498,9.49560090359038
88,12.4307789021234,10.2949044739905,8.52439989176335,7.11789239759193,14.0504089296496,9.73584742663144,10.3468211200199,5.99932989194286,6.96015272822234,9.4131928704888
89,12.7805774781851,10.1218316118885,8.60568270406695,7.27303347712256,14.3633765864498,9.80356793521219,10.5002341615193,6.12080979680491,7.03200289611536,9.35247758818851
90,12.6498377216918,9.99313432155858,8.70426657496884,7.41756798899262,14.5011123791607,9.81340867587957,10.6674163201567,6.20335813646182,7.07198228073789,9.20980835478973
91,12.7110262696786,10.0397170258166,8.72294888620386,7.52564864726729,14.7493707703149,9.74781954776066,10.8919919005692,6.3723926317066,7.18500593092509,9.22541979737407
92,12.8636652054131,9.91240396691542,8.83168344367404,7.50769533082247,15.0302129608985,9.70999425847907,11.0582196194666,6.48990169878068,7.26792991845012,9.33401735084196
93,12.8091610916196,9.92163775583577,8.96253480315213,7.52819289911456,15.2824352570447,9.66316127157091,11.2018270913547,6.55954565352404,7.3879207299841,9.41105972217151
94,12.796090966414,9.91637677552655,9.11531490933715,7.53934160140922,15.6668608106039,9.76268013442078,11.3805043394008,6.6210475407853,7.45480254800546,9.63780365002671
95,12.812649339566,9.78431226305302,9.14283452620571,7.54102170750606,15.995299683547,9.90235507361251,11.4818171934823,6.71507189092178,7.60412620602142,9.86096771081565
96,12.9112377382515,9.65383068391473,9.06189372202013,7.52518441723296,15.8851248563746,10.0625533220833,11.5144732633362,6.74055188759486,7.77404183592127,9.98201958943837
97,13.0997866710729,9.43519966069396,9.00693161069485,7.59802952274433,15.6856155340734,10.3037337399267,11.4860454775195,6.79672826698984,7.75204698036348,10.1016134898509
98,13.3204522657685,9.30343851090513,8.97816476506941,7.64412547324812,15.9280211075166,10.4488419326023,11.4517643437951,6.85412421239925,7.67054493555292,10.4241517967984
99,13.413483949871,9.38936682841812,8.85090008764985,7.69601113742378,15.9433549603833,10.5161459442484,11.3735224584628,6.87164131376324,7.69792206862983,10.5427546954887
100,13.6671716897244,9.53800669996836,8.87591361099266,7.79292733098393,15.9715983814978,10.5655657394839,11.2840075536163,6.96535546325786,7.80283672436038,10.6185136101298
101,13.8881336671273,9.8315315574824,8.88603741622363,7.80791517866086,15.5907811168179,10.8081080450046,11.257875163655,7.03003975603231,7.845880633356,10.7554416010684
102,14.0404335982788,10.1896964352696,8.80536657896197,7.90016268781576,15.7122197499796,10.9991722637664,11.2407148756242,6.94774628112896,7.80319472951261,10.7501165877108
103,14.5391422310172,10.5402443933255,8.85138000512992,7.94700416048812,15.7345973511752,11.0347272362264,11.1149664955766,6.88723995597776,7.73444418872979,10.7392506868724
104,14.7510051875085,10.9351862322102,8.86342824484489,7.99004014493232,15.7186785519238,11.1549491053428,11.0687136682173,6.88304002163704,7.61437035951915,10.8815406722072
105,14.9894141936839,11.3028109884567,8.83993711146116,7.95050894584731,15.9246376695298,11.3405468223254,11.0940958157728,6.99846742367622,7.677139888318,10.9989397057711
106,14.9934772170652,11.7190779258466,8.92542529365313,8.00741166184578,16.0257909532102,11.4452240725222,11.1374538731405,7.17082354488358,7.79441264486005,11.0256918616296
107,14.960960816329,12.248403997961,9.08897869356605,8.12017768120918,15.7697537740678,11.6101688923533,11.2794957631681,7.28523319564336,7.83903595345512,11.1338826591411
108,15.1103823739257,12.4896602342327,9.22831708315946,8.215954368047,15.7183551915268,11.7702468288971,11.4245911651299,7.37624338310906,7.82500845830169,11.1467246780821
109,15.36862457519,12.7608270461752,9.4042398419261,8.22656532036612,15.4758983241158,11.7684331881334,11.5852530845736,7.43854755289282,7.80641920678307,11.2191663410397
110,16.0059369084482,12.9078575773461,9.49122734832617,8.24726167854295,15.4006183607113,11.9523644651578,11.7789446668953,7.40460092757221,7.76961443909796,11.1602183464826
111,16.2339742434481,13.111815435867,9.50962154035664,8.23364065287897,15.4239639327342,11.94068625827,11.9232405847257,7.34647338747776,7.87018889652873,11.159304304961
112,16.5037971025985,13.2602750216719,9.54051389577944,8.17605262045533,15.4644519934398,11.8785144285137,12.0808347231712,7.32651220748954,7.90087463493848,11.2675044622091
113,16.7230354166419,13.3463348687986,9.64871713037313,8.14803330997111,15.6226328048823,11.8373118786232,12.2774195547102,7.40569046151237,8.07288361954393,11.3650479643601
114,16.7829546979135,13.3519965651669,9.72432281282515,8.14364746552707,15.7115943881179,11.8278101968003,12.4319731357606,7.53703314313837,8.23193354673192,11.6184129893707
115,16.7571647045116,13.5262942292196,9.75392906237383,8.18943610148932,15.7810695637649,11.888706792558,12.512274286816,7.64256243942533,8.42833958154759,11.9403775178555
116,16.6951225274891,13.6696922446071,9.76149537233169,8.20131902392409,15.9357234639357,11.9579361633147,12.6165037371632,7.73594508472542,8.54182027451726,12.0507199633546
117,16.7700841408549,13.857624525391,9.84201017527287,8.28883195302341,15.9110928015945,12.0134644739563,12.6656700416064,7.72275207832203,8.44209986734212,12.0208638530394
118,16.9920619676958,13.9548119865811,9.8141266266266,8.23582821464308,16.0700290650439,12.1466090516065,12.5960332853028,7.69352893798591,8.45171453480645,11.9719735622039
119,17.2832342010454,13.9053737731933,9.71383460439253,8.14880195166279,16.2073608438792,12.1960676250101,12.5894261688005,7.64874495899621,8.40234197871726,11.9784487528049
120,17.4492079885857,14.0852205878913,9.72718053360732,8.04661092285101,16.2852643264611,12.3002804652362,12.6300004372902,7.65825333460596,8.43164246153955,11.948985542042
121,17.7218943129519,14.1955919091896,9.71215498570565,7.98666841561598,16.5033599014427,12.5466390974055,12.6545751223277,7.68023645129139,8.59843825794168,11.8383237860209
122,17.6444479583432,14.3948853852175,9.67324800141184,8.00870236145197,16.4310369203369,12.6040195323855,12.6840870646085,7.73346870160116,8.69336890871954,11.7306300567984
123,17.4696088545266,14.4700795667161,9.62914279767195,8.02451572056898,16.9157465937883,12.6895240900238,12.707330259964,7.75667517988623,8.68229263475068,11.7391229140921
124,17.4905381039127,14.5125870268444,9.62343883589359,8.09043223256314,17.3661704368581,12.8742870403582,12.7760039110479,7.75717565631232,8.74985274112753,11.738365374795
125,17.5141838405874,14.5104272517687,9.52552443596947,8.13295284266743,17.607446162585,12.9433748257185,12.7207134219172,7.70034347293521,8.85967699379429,11.6081908770086
126,17.6390323606414,14.3101577301017,9.58084134011391,8.18215937472758,17.8957170509139,12.9609383290166,12.6685167668304,7.7340082853791,8.87761573185243,11.4510916825634
127,17.8224029937408,14.1451970539174,9.62981793519314,8.17833068315642,18.0065918735685,13.1319890718694,12.6258721708308,7.79744568764672,8.83970622787947,11.2530388063009
128,17.8974295280567,13.8768098696376,9.64032264487621,8.20647443244726,17.7149783100477,13.2231816421054,12.6012560078922,7.90485775097919,8.80538153334632,11.0829881693713
129,18.1316682074978,13.589821225054,9.58319183393803,8.23825690477237,17.4769261458632,13.2925043148103,12.6414228343019,8.02781656579221,8.85697341940419,11.0597365004521
130,17.8892145472071,13.4710173679338,9.53229154318611,8.26906240954834,17.3413083023156,13.297200568308,12.6713045480428,8.1152514848507,8.88377524721652,11.1504289686874
131,17.8282088797462,13.2680723491617,9.62546449951594,8.30072333858388,17.3689218110056,13.4266879984238,12.6466155749715,8.12479321111659,8.94183090046356,11.1629223384952
132,17.5553629550845,13.0406996418565,9.67267436033116,8.3199677947453,17.5356097253583,13.5349183408516,12.5334658572905,8.144208924048,8.9845051204758,11.0713987070641
133,16.9103924432285,12.9839400132745,9.68503892529602,8.33875423829925,17.6648111696574,13.6630261534466,12.4744017432775,8.1611945383086,9.07151319085449,11.0907533367166
134,16.1808307478877,12.7938795948321,9.74202000863809,8.39493205401896,17.7774035112119,13.6824358248587,12.373766545599,8.2547033341188,9.08928402862099,11.1356789786178
135,15.8964006869952,12.7394018639902,9.73029077615873,8.4128078956679,17.718550099157,13.6791536590172,12.3676665826692,8.32261119019789,9.25879626027499,11.2478396801653
136,15.6509065029526,12.7176620914029,9.77865636535726,8.42324950538358,17.5265880341414,13.5751799522195,12.371894819021,8.33190697880641,9.32771319403791,11.407457860912
137,15.5590025254994,12.6785649584722,9.86543046292487,8.43716392862976,17.3168760866723,13.5357326346626,12.4253699432169,8.4231068792949,9.3494184731705,11.757833158409
138,15.2606774460153,12.8323835645577,9.92209773950038,8.45815950126932,17.2752761355077,13.6648736894482,12.5015382393088,8.419562880981,9.34148317752274,11.9351566058363
139,15.1563324929664,12.9356033996352,10.0124936715038,8.48866990162014,17.4988748412427,13.6958397868292,12.5873026943799,8.4240982942495,9.34817338107196,12.1035781297275
140,14.8073428755537,12.9962631099806,9.96668896773928,8.50947195240672,17.5242427067085,13.6290183316058,12.7302840882676,8.43831251800198,9.35054153901557,12.3086747000851
141,14.6980907024846,13.1022285191076,10.0300975593674,8.49250926832394,17.7069707903459,13.6897787065222,12.8003078177215,8.47852396439681,9.18549681589222,12.485686841543
142,14.4721475871491,13.0494451932164,10.1181221808993,8.55529391856045,17.9733716930503,13.7200684517028,12.8929355112847,8.55011711618406,9.19784816604298,12.6197869648039
143,14.2304048165506,13.1931941255429,10.1711509686142,8.61748541651873,17.9272853918369,13.66832665747,13.0453097659012,8.68514927958363,9.21650625796525,12.5994938963862
144,14.1151992987191,13.3447288123364,10.2432614242039,8.67038939709405,18.1268739766185,13.6620544122303,13.3302015728312,8.72974349879602,9.21894684452041,12.6425231918963
145,14.0658524438501,13.4258414157003,10.2050919109752,8.70639868432332,18.2857583188844,13.6270176057648,13.4169216543384,8.80080514402758,9.19611113421092,12.6206486144846
146,13.8620932288554,13.5335134867762,10.2663358339664,8.68408798368573,18.1945597792189,13.7854625269702,13.5744665982647,8.83173886399812,9.36305875475764,12.5181920376583
147,13.7779235905052,13.5906801521208,10.3617330045073,8.73869525902156,17.9039568412527,13.9662585572382,13.6096347669585,8.76770247743821,9.40853626089017,12.2894538196169
148,13.7237226388239,13.664342178388,10.4052073457367,8.71166031446357,17.6861927367432,14.054687650425,13.5743871479912,8.8297343722909,9.45708446369506,12.1474954573222
149,13.4248590637692,13.8685097389865,10.4839155111626,8.76531582985947,17.4552908543191,14.1578374282318,13.639569350456,8.78300999193658,9.53109102108458,11.9224916784477
150,13.1551158773098,13.7619730023756,10.5511410158395,8.86128859794553,17.4557936965685,14.2764994781517,13.7094360274971,8.80930449471558,9.58881157405614,11.7238198534564
151,12.6668170928683,13.7407473325789,10.6939458136515,8.98223335882461,17.6105681181812,14.2706183220523,13.7747733342742,8.84106464151236,9.59618214540928,11.6798356305841
152,12.37466409451,13.7481558706117,10.8037880068522,9.08780629339338,17.8586802958455,14.2455975938781,13.8265851133717,8.86888520841039,9.615156976343,11.6608536567702
153,12.0897612329217,13.6682003824135,10.8818026498757,9.07179227836729,18.2331129484204,14.2294017495504,13.9735267940126,8.87161201930575,9.68593679416648,11.6689661529034
154,11.7075632643372,13.5632583511285,10.9349993693223,9.09426894982537,18.4422780561876,14.1874837214715,14.0886074054261,8.88511076183589,9.67651075576694,11.9425783403377
155,11.5795838873563,13.6859236348012,10.9225204674235,9.08889996219257,18.8423918547212,14.3660879511629,14.2164836715084,8.92593706313756,9.78350249888352,12.2461265902155
156,11.0539679733356,13.7374500206649,11.1069482334803,9.1119726351092,18.975922298837,14.4972339959688,14.2542926065627,8.98578375419684,9.82258650941908,12.4090080365808
157,10.9719264616054,13.858956127646,11.2173917065498,9.24613043875476,19.1454798064614,14.6326545713804,14.3469318522624,9.04430598122379,9.80502171631639,12.464472569401
158,10.8092390678226,14.0716487141022,11.2579139905797,9.3485784200688,19.3731697812746,14.5839304776962,14.44945805907,9.06868333620275,9.8129045511161,12.6743598016036
159,10.7746373967291,14.149318510926,11.3204823046273,9.4159820017511,19.6605383286489,14.4341129182813,14.5048254093038,9.20893765891476,9.87002107724828,12.9790158460892
160,10.9488116553224,14.3609165161419,11.3279462386678,9.54773481338654,19.9413916196445,14.4984315051605,14.5941171390137,9.33097411593921,9.9797603199717,13.259456638713
161,11.0206989068935,14.5075465553045,11.2513973587975,9.59423525040124,20.0252299677576,14.4519432990547,14.5114669593515,9.46413150550937,10.0057605314407,13.478812026947
162,10.8096258953831,14.6271604473317,11.1093070471865,9.57209527406075,20.0938529224806,14.4302259091317,14.3389728758597,9.62085429527483,10.1008974447346,13.6006929141877
163,10.9933438632706,14.7964392473324,11.0631773268661,9.52014398656623,19.6482940755802,14.4096403627973,14.331259141076,9.67807010633262,10.2203180923928,13.6558741238621
164,11.1715825652827,14.9711168701528,10.9700247829861,9.43098231782472,19.5079660367906,14.3732926014682,14.3975552982606,9.702456536829,10.3907233682147,13.8622308083353
165,11.2597958890112,15.2285622335273,10.9520920197232,9.4446791167192,19.3867388437396,14.3047484584439,14.4365327248036,9.66652479810485,10.7002045263944,14.2373268468923
166,11.132969540246,15.6426896442747,11.0530391207449,9.50332922440327,19.6082891117457,14.3283954504277,14.5839132588522,9.66133096382964,10.8913487900589,14.442363753378
167,11.0676654229454,15.8699552256677,11.1863831660873,9.61485266725588,19.8729280708778,14.2920774858552,14.6465961791237,9.70177056724483,11.0042189189597,14.5746853623037
168,11.0611781040287,16.0246246345326,11.1918067829761,9.72349693222333,19.7227267449218,14.1550534068586,14.607023721584,9.75196795154974,11.0233064046994,14.8617342688856
169,11.3178100797768,16.2800766713267,11.2007930599063,9.82145707958275,19.6505372128848,14.0672342881325,14.5583485131258,9.81052380337414,10.8901786227254,14.7958149628537
170,11.194043792785,16.4350865101154,11.2721820966123,9.9320144062614,19.6234255515655,14.0329763351833,14.6415452921321,9.81376100600036,10.8640789292424,14.8395120272808
171,11.2550767547236,16.5365085105652,11.2496702658358,10.053183397096,19.6218616928601,14.1399020551413,14.6613000735129,9.77074855564615,10.7677019916229,14.7475080866824
172,11.2918500079097,16.6972126747885,11.2317421438486,10.0378648531699,19.5605372696255,14.1679751702031,14.7450999485619,9.75947897076304,10.7404909304752,14.680735180175
173,11.5283395665416,16.8421299725089,11.2428983826482,10.0440640818288,19.6350832102575,14.3512273834932,14.8440044364004,9.79683554633234,10.7698099251328,14.5923386581913
174,11.8320523208828,17.0504424262987,11.2894579884348,9.99825984937502,19.6482662266225,14.6006598066982,14.9894559951991,9.80768523272919,10.8791591754229,14.4572930034362
175,11.9922236270599,17.2858027330119,11.4167521944133,9.99450687901465,19.912852127728,14.8031816981289,15.0175675756637,9.91338017339369,11.0026643385283,14.2315255856152
176,11.8744304514727,17.3428296106854,11.4516346040413,10.0460385152177,19.9048184502174,14.9317469265557,15.1003015112788,9.97344521157491,11.1103592163074,13.9752150596202
177,12.0571034586979,17.2760695294963,11.5648215334409,10.0848133038378,20.0619347705283,15.1414472382989,15.0687825007456,10.0763355191178,11.093609756746,13.6143913551275
178,12.1897784840645,17.255296088184,11.6296861766977,10.089459795918,20.2072313505198,15.2709816703415,15.0322702452861,10.2593508354984,11.0338807101451,13.2074280377056
179,12.2413258675645,17.225793527619,11.6074366575549,10.1631253267822,20.3211907042799,15.3801071756889,14.9921353319125,10.3714282644253,11.0849808397107,12.9464577697521
180,12.4664549931554,17.0982695551061,11.6588347067102,10.2484976729897,20.2597152913873,15.6119567836755,14.959962408432,10.51906936736,11.1815335697818,12.8577140394805
181,12.5430740502206,16.9923019666947,11.6561300502713,10.285279978266,20.0312770152802,15.8810447745834,15.0118020905283,10.5749568703561,11.302522407715,12.8774923629355
182,12.6521361209947,16.8660163262848,11.591738932766,10.4094611590571,19.9949050839856,16.0308394201816,15.0416885140678,10.6800877719864,11.3129450283628,12.8873786607485
183,12.8688837955815,16.94985959324,11.6107818921711,10.5019477135696,19.997059982081,16.1083913630459,15.039481517253,10.777149582528,11.4658096259508,12.8923950213652
184,13.0900319683295,16.9498697489417,11.7428391926043,10.5964576673031,20.0278828872219,16.273332450356,15.0779938550034,10.8662890552583,11.7090408306007,12.8577485287415
185,13.0642953986647,16.9633274161842,11.8698061509027,10.775066560801,20.1251935298675,16.2449043043489,15.0638321790856,10.895996169705,11.9384264572554,12.9229636797926
186,12.8365511660015,17.0162879667694,11.9932200088664,10.8541419904246,20.140684350211,16.2193391856337,15.0424891258997,10.92191063337,12.0096379368214,12.8611071484178
187,12.6777469114311,16.9217415439381,12.0861202184399,10.9574616505221,20.1540173092764,16.2253248865862,15.1259415582139,10.9712563688247,12.0792079944514,13.1913305217611
188,12.5828068993594,17.0470648886879,12.2894809055672,11.0289525435967,20.4403184753037,16.2241704694157,15.2289085724249,11.0156421805595,12.1019618801979,13.5450869567578
189,12.4353682075701,17.2012050465989,12.3732696648473,11.1725071461035,20.8641405848468,16.2011182711538,15.3747185499058,11.1678293856661,12.0666760374227,13.7679614655705
190,12.303196502685,17.2353724956357,12.3705238603737,11.3429209762565,20.9874902729792,16.2411460399128,15.6521708885845,11.2876916456608,12.1126466264365,14.008038747436
191,12.1793829543915,17.2798425389858,12.5583376254508,11.4937657860842,20.9714706982957,16.340338705671,15.8414344903039,11.4810004762285,12.1019118450554,14.3661321444116
192,12.5316318127886,17.4365336925581,12.5767682008599,11.7339621055729,21.0601970364815,16.4938470041608,16.0599819935352,11.5682442730039,12.199098196993,14.4835126889284
193,12.7144096329103,17.6583630058107,12.5167718985084,11.9158680371769,20.9931744969837,16.5024498525878,16.0572127522404,11.6186824877057,12.3693288340395,14.5208766752388
194,12.8122637025274,17.9320329136833,12.594639324164,12.1078306444749,21.0900053231659,16.5236612330922,16.0137604402448,11.6312211934688,12.5175967432163,14.6392184167783
195,12.8765011834894,18.104073794715,12.8001062814365,12.310612544086,21.5461388391361,16.7405967052044,16.0468998241549,11.6618085542479,12.8334557622677,14.7049107156294
196,12.901550481893,18.1350978126819,12.9689289119508,12.5754018412176,22.0769239532204,16.8174017134999,16.1363148322524,11.6669057743777,13.0530801218851,14.701836257283
197,12.835260733587,18.3090820993498,13.0720744971745,12.6655303881046,22.0693455291,17.1500859587952,16.2254077588599,11.7056461212316,13.3577586972026,14.9259511744342
198,13.2419740067916,18.3938817481619,13.1899532528184,12.8816013512088,22.0683933294531,17.3981407261422,16.4054359216431,11.7901503714948,13.8136969167031,15.2317819852843
199,13.5503794235609,18.4515798781443,13.1850112955417,13.0467109112275,22.32881942379,17.4965645587843,16.5729463795224,11.9817623904892,14.1610950486615,15.4945331734395
200,13.9292149812256,18.4848290956015,13.1554397798157,13.2791276539626,22.2361668455091,17.4787434264199,16.6361808602027,12.2095799339893,14.5170391043119,15.4692429668
201,13.6529092958626,18.4790589412354,13.2794509499457,13.5436672027917,22.1292043779416,17.6168270451466,16.7466989781881,12.4003082790298,14.8150348800166,15.4523029109904
202,13.6342514375834,18.4921016111102,13.3770609292705,13.7917430026679,22.1951576550269,17.7054461513881,16.8979115292236,12.5501421343308,15.0457591856802,15.4960597834
203,13.1616822746026,18.1892143009039,13.2597031683375,13.9897860281598,22.0667276442687,17.6737294590575,16.8908659077011,12.5737443857572,14.0666538880225,15.4323892482177
204,12.9638576643304,18.1097863548563,13.4140200884514,14.175050185857,22.3529302231869,17.6920012828817,16.9316997272557,12.6070987299604,14.2624673847244,15.4285990523163
205,12.9117138574262,18.1125255582688,13.553177461866,14.3341593009472,22.5498777128937,17.7621477205721,17.0475838927247,12.6498581361811,14.4131073775759,15.4841661509271
206,12.7825393878297,18.1648706080126,13.6451795250754,14.4944166220999,22.7759202056883,17.6067500996284,17.1435656043099,12.705565466265,14.5212761867925,15.4298526916809
207,12.8541649379855,18.2666037632435,13.4584872982283,14.6437607140828,22.7300655117188,17.6137726575003,17.2881063271024,12.7306392029872,14.3602900060172,15.1303359535707
208,12.8433785237041,18.5068726445492,13.4007722992268,14.7672259283429,22.6706059814619,17.6104052812986,17.3669423842892,12.7267942775376,14.1359021238479,15.1550109606021
209,13.0890165929991,18.6089791521576,13.4374573234794,15.0726486329324,22.7696525651348,17.3878785922378,17.5784076214708,12.7859030958649,14.1491629089838,15.3974274791717
210,12.9822144924616,18.8127576766647,13.4684771930282,15.3342667487342,22.6175623292493,17.3738102009302,17.7323432160349,12.7793125536129,14.0570813841992,15.5026536954293
211,12.9697221687777,19.0212421983206,13.5583309907419,15.6148861011393,22.4118752521847,17.4441588471682,17.9419719347245,12.7767545405123,14.0069885466834,15.4792948587987
212,12.9458267749187,18.9593627705495,13.61417882022,15.8023548652701,22.302115217694,17.6311418497929,18.0453313988714,12.7395561487294,14.0078330458647,15.3639426703238
213,13.1688249644892,18.9748410238829,13.6489823744196,16.0384191778014,22.6080013529887,17.9078946402061,18.1321616403344,12.7308852002087,14.1347934802425,15.2520925187606
214,13.1436654111119,19.0943578940751,13.8158137465819,16.1811906180907,22.6454450276315,18.1155564578364,18.1722934427049,12.8764966795411,14.2112166926406,15.5163884759167
215,13.0830788169639,19.186942614316,13.8905695720164,16.2678386468642,22.8445778892558,18.3195319479875,18.2370857220093,13.0189401742093,14.1494245903402,15.6717155920308
216,13.0137650745803,19.325910951738,14.1086317667792,16.3619196925183,22.8080166217831,18.4018767574791,18.2886937892296,13.1278941735679,13.9913750481428,15.9323956956639
217,13.0663151855672,19.5274783667109,14.2766829601889,16.4373429410334,23.0077252948602,18.4658662032006,18.4361467296986,13.2312004086469,13.8692119130902,16.0254103869473
218,13.0222392527862,19.3623117305353,14.3425317346821,16.5492478427019,22.8023739705906,18.5169305259459,18.5803343248183,13.3113488038764,13.8369435907689,16.2214437628606
219,12.8958352978938,19.3458457033791,14.558061264632,16.6418876700321,22.6998938459115,18.4712623255531,18.6214546248302,13.3588498546384,13.9609919814701,16.319386439969
220,12.7114735310543,19.2844097672367,14.5548095701723,16.7941373367343,23.0599415937136,18.5497577080997,18.6217730474161,13.5065998087504,13.9284607629607,16.4698309491008
221,12.6332863895926,19.2655081789743,14.5592672759072,16.9349551819131,23.3158248622252,18.6569293911809,18.5023306654588,13.5157691287605,13.9087698657669,16.5416852676549
222,12.5134769472953,19.1488999858321,14.575991851525,17.0656890831952,23.5818618993667,18.7596846170232,18.4528302016246,13.5998879604278,13.9984442123027,16.6423668506467
223,12.5481555236518,19.0963250805615,14.628845316108,17.139078011003,23.7898730367896,18.7663196281038,18.4426357209703,13.670591546783,14.1529505312143,16.8161311926534
224,12.8897509876816,19.0565284095278,14.7830739821102,17.1991591159763,24.2588538787192,18.8505346420314,18.4985713577459,13.7474451674252,14.4077838535883,16.8367980662013
225,13.2049806259966,18.998939925658,14.8953736165879,17.2324855684952,24.3364282713521,18.9831669641778,18.5899969759036,13.7636197477112,14.6099337474106,16.7737758999253
226,13.5558881116523,18.8654429102946,15.0059578427094,17.2995223221415,24.2716879208127,19.0780318897975,18.7082993574045,13.7439697479054,14.9640640469856,16.552239216
227,13.711663454766,18.7669410856943,15.0370344400815,17.4271577195257,24.1498722855352,19.2780976096377,18.8032845153624,13.8341828721084,15.1957274170337,16.4574513977336
228,13.9299574143293,18.6856319416357,15.0537472819718,17.5475190165562,23.9946917554001,19.4470651379547,18.8838553596115,13.9568177168335,15.4214871019454,16.3256780761204
229,14.0597179731078,18.5783623056024,15.1638915650764,17.6704822507811,23.9547982580151,19.4758698116406,18.8712466655149,14.044275308782,15.6571637059467,16.4868456418727
230,14.491286212074,18.6218297989571,15.2783486905224,17.6771720630305,24.3867059736701,19.5640222497649,19.0003914363645,14.1729445370799,15.8354143586033,16.676667650467
231,14.6783270690713,18.548178072469,15.27619588524,17.6685863448125,24.3530774561543,19.5769617055263,19.044004110159,14.2764165719316,15.8170383439964,16.9250156237538
232,14.72683338158,18.5952324618794,15.294932564378,17.6182615221853,24.2735774658989,19.4377733279411,19.0840906924571,14.4081429306239,15.8282932141405,17.0992479784291
233,14.7578236835154,18.6052940544256,15.2539455186928,17.4768975903467,24.4997595009471,19.4857000783365,19.0786690777233,14.5567672806886,15.9767816299201,17.1462871965361
234,15.0482726511385,18.8458311729444,15.2806167760533,17.3027126866067,24.8485327741315,19.5955565773709,19.0447561869888,14.6736811133722,15.9584603685582,17.2534468187808
235,15.0100081669453,19.0347449195509,15.3284100386219,17.1974335775553,24.9472336405207,19.7613799861538,18.9150934012279,14.791837960032,15.9927897842077,17.1521092852634
236,14.7984118867168,19.1931806958682,15.4015449353683,17.1132624664849,24.4506589244126,19.8098880057544,18.9367275490618,14.9412275300471,15.9492928921719,17.333094670337
237,14.6268624604492,19.4715918142225,15.5841978835518,17.0158618026894,24.4773254024503,19.82423551532,18.8613467941343,15.1431834149401,15.8891663881819,17.4348731289081
238,14.3435591423577,19.77906231065,15.7354273575292,16.96327021769,24.6142517140501,19.8474426135919,18.9352382255544,15.3612100556253,15.8884718311066,17.5790982043182
239,13.8082503041627,19.9648464334899,15.8892842770656,16.9337945025968,24.7687265634838,19.7665555628813,19.0565036798647,15.5127343151988,15.9742027657649,17.7523608427724
240,13.7972975790743,19.9767935794002,16.0814307135389,16.8734819044809,25.0959110173202,19.7857417023807,19.0762463389962,15.6673847613071,16.0654716403731,17.8628928441864
241,14.0452276771742,19.9738814069752,16.1571404369097,16.8162357830918,25.1364523882613,19.9604734569226,19.2602034123428,15.8429044108579,16.0492250674419,17.8878853273573
242,13.6690490360619,19.9270721698619,16.2474835134789,16.8088207707821,25.2079629379403,19.9711051025147,19.3766783119247,15.9181213077981,15.9324925157132,18.0535993778946
243,13.7314022810307,19.982722750021,16.3516286018451,16.8342375191102,25.0668227161219,20.0858701335888,19.4474176798724,15.9849673788228,15.9415538726103,18.2323326091452
244,13.9163365067829,20.0593755813542,16.3384891619167,16.9086387330552,24.7477368968018,20.4042503799385,19.5020133616987,15.9426515906187,15.9136040681053,18.255511958478
245,13.7769760206057,20.107592662596,16.3268551839095,17.0119276399325,24.1563242256864,20.5100831521407,19.6237088928435,15.9037199255204,15.9432076346311,18.3976548077423
246,13.9536339728727,20.0032502758766,16.4146309059936,17.1628548256148,23.7965011851342,20.4338310197111,19.6793620687137,15.8869349424997,16.0587843462171,18.4411888258023
247,14.0414802695925,19.8967217555902,16.5400327615083,17.3199151047061,23.82656418364,20.3749213366257,19.7454176581729,15.7854743715537,16.0365819498899,18.5655284965949
248,13.9852299706571,19.8389588834685,16.5887982871729,17.3883261002534,24.4711426757201,20.4055003279981,19.6974469169105,15.7358127900658,16.143728337609,18.4827690817406
249,14.027245546311,19.7150482043529,16.5780315568731,17.4939532793005,24.5659609279237,20.4175597924536,19.6842379061256,15.7377967189617,16.1614860255608,18.5188660002066
250,14.0840577519516,19.7310938346568,16.5297332585555,17.6029022814546,24.2199156000752,20.339585805738,19.7630798956927,15.7294798715531,16.0965499006441,18.5154763303853
251,14.3290750114632,19.8025865314754,16.5705174519288,17.6139430274057,24.3125235118759,20.3447114643619,19.7357368622479,15.686262132905,15.8013706344876,18.6334043384572
252,14.3729979330075,20.036744964861,16.6976226042426,17.7016531682111,24.2272208381076,20.3545472995295,19.6609136327674,15.559385651703,15.4824098411419,18.7686737622928
253,13.9436608498558,20.2914205258893,16.8741132602771,17.7660174935774,24.0923024504585,20.3968631882621,19.5104586728687,15.4296358461934,15.3294537261903,18.984965439922
254,14.0732896678081,20.6394423843513,17.0141065356551,17.815579351459,24.3293220048375,20.4751889067625,19.3358534446109,15.3052839494856,15.433197940134,19.0631997251881
255,14.412153692888,20.8472528427372,17.0099745495355,17.8514875294222,24.4343932666236,20.4709968750316,19.2428860999194,15.2692997264456,15.5263850701603,19.0572935425254
256,14.58172704713,20.925581718737,16.9938186921324,17.7764789741171,24.7462700053999,20.4702202269006,19.1717350189515,15.3159124118103,15.6184064710867,19.0165430769369
257,14.7310253130898,21.1055683577151,17.0212506664583,17.7704827115207,25.1294675721979,20.3320952320414,18.9923886439873,15.2987444683299,15.5771885250088,19.2093293034843
258,14.6140759398307,21.2510774982917,16.9980540325156,17.7362931189971,25.4636577893033,20.4457393147715,18.9160274932932,15.2970020644856,15.5991675935771,19.4691934640936
259,13.9627330870737,21.5020517670669,17.0784929338131,17.7646591462027,25.941345029679,20.4588277802112,18.9770733281835,15.3720049730663,15.5524825908491,19.7034498962184
260,14.0889015504806,21.4052888199622,17.2278916156359,17.785719686526,26.0368651780346,20.5375047990149,18.9617884899388,15.5170322384041,15.7397833986994,19.670791433191
