Series ID,Jan 2022,Feb 2022,Mar 2022,Apr 2022,May 2022,Jun 2022,Jul 2022,Aug 2022,Sep 2022,Oct 2022,Nov 2022,Dec 2022,Annual 2022,Jan 2023,Feb 2023,Mar 2023,Apr 2023,May 2023,Jun 2023,Jul 2023,Aug 2023,Sep 2023,Oct 2023,Nov 2023,Dec 2023,Annual 2023,Jan 2024,Feb 2024,Mar 2024,Apr 2024,May 2024,Jun 2024,Jul 2024,Aug 2024,Sep 2024,Oct 2024,Nov 2024,Dec 2024,Annual 2024,Jan 2025,Feb 2025,Mar 2025,Apr 2025,May 2025,Jun 2025,Jul 2025,Aug 2025,Sep 2025,Nov 2025,labor_force_status,type_of_data,age,class_of_worker,industry,AI_Exposure_Score
LNU03000000,7207.0,6782.0,6168.0,5458.0,5548.0,6334.0,6255.0,6256.0,5460.0,5609.0,5523.0,5352.0,5996.0,6378.0,6465.0,6043.0,5146.0,5700.0,6351.0,6372.0,6623.0,6049.0,6098.0,5827.0,5907.0,6080.0,6778.0,6970.0,6604.0,5894.0,6235.0,7233.0,7685.0,7415.0,6524.0,6631.0,6708.0,6452.0,6761.0,7467.0,7572.0,7242.0,6582.0,6815.0,7460.0,7847.0,7747.0,7324.0,7401.0,Unemployed,Number in thousands,16 years and over,,,
LNU04000000,4.4,4.1,3.8,3.3,3.4,3.8,3.8,3.8,3.3,3.4,3.4,3.3,3.6,3.9,3.9,3.6,3.1,3.4,3.8,3.8,3.9,3.6,3.6,3.5,3.5,3.6,4.1,4.2,3.9,3.5,3.7,4.3,4.5,4.4,3.9,3.9,4.0,3.8,4.0,4.4,4.5,4.2,3.9,4.0,4.4,4.6,4.5,4.3,4.3,Unemployment rate,Percent or rate,16 years and over,,,
LNU03032229,5822.0,5479.0,5035.0,4288.0,4353.0,4607.0,4475.0,4786.0,4297.0,4381.0,4253.0,4117.0,4658.0,5061.0,5218.0,4842.0,4062.0,4483.0,4449.0,4673.0,4938.0,4762.0,4636.0,4676.0,4595.0,4700.0,5450.0,5522.0,5201.0,4795.0,4872.0,5173.0,5636.0,5420.0,4968.0,5207.0,5186.0,5021.0,5204.0,6000.0,5978.0,5567.0,5108.0,5228.0,5367.0,5487.0,5610.0,5587.0,5521.0,Unemployed,Number in thousands,16 years and over,Private wage and salary workers,Nonagriculture industries,0.07690563166738
LNU04032229,4.5,4.2,3.9,3.3,3.3,3.5,3.4,3.6,3.3,3.4,3.3,3.2,3.6,3.9,4.0,3.7,3.1,3.4,3.3,3.5,3.7,3.6,3.5,3.5,3.5,3.5,4.1,4.2,3.9,3.6,3.7,3.9,4.2,4.0,3.7,3.9,3.9,3.8,3.9,4.4,4.4,4.1,3.8,3.9,3.9,4.0,4.1,4.1,4.1,Unemployment rate,Percent or rate,16 years and over,Private wage and salary workers,Nonagriculture industries,0.07690563166738
LNU03032230,46.0,29.0,14.0,19.0,24.0,10.0,6.0,16.0,16.0,4.0,19.0,12.0,18.0,2.0,17.0,36.0,11.0,10.0,7.0,17.0,16.0,16.0,39.0,13.0,9.0,16.0,16.0,24.0,17.0,8.0,19.0,7.0,31.0,22.0,12.0,14.0,12.0,35.0,18.0,30.0,23.0,8.0,23.0,23.0,10.0,22.0,20.0,33.0,50.0,Unemployed,Number in thousands,16 years and over,Private wage and salary workers,"Mining, quarrying, and oil and gas extraction",-0.67779472
LNU04032230,8.4,5.0,2.6,3.4,4.1,1.6,0.8,2.6,2.5,0.8,3.1,1.9,3.0,0.3,3.0,6.5,1.8,1.8,1.3,2.7,2.5,2.6,6.1,2.2,1.7,2.7,3.0,4.2,3.3,1.3,3.1,1.3,5.4,3.5,2.0,2.5,1.9,5.4,3.1,5.0,3.9,1.4,4.0,4.2,1.9,4.2,4.0,6.8,9.0,Unemployment rate,Percent or rate,16 years and over,Private wage and salary workers,"Mining, quarrying, and oil and gas extraction",-0.67779472
LNU03032231,709.0,677.0,598.0,464.0,392.0,385.0,359.0,401.0,346.0,419.0,393.0,443.0,466.0,720.0,708.0,598.0,424.0,355.0,381.0,410.0,424.0,392.0,414.0,496.0,442.0,480.0,699.0,711.0,570.0,555.0,406.0,345.0,420.0,338.0,403.0,456.0,482.0,550.0,494.0,669.0,741.0,573.0,594.0,373.0,364.0,379.0,347.0,404.0,431.0,Unemployed,Number in thousands,16 years and over,Private wage and salary workers,Construction,-0.99696114
LNU04032231,7.1,6.7,6.0,4.6,3.8,3.7,3.5,3.9,3.4,4.1,3.9,4.4,4.6,6.9,6.6,5.6,4.1,3.5,3.6,3.9,3.9,3.8,4.0,4.8,4.4,4.6,6.9,7.0,5.4,5.2,3.9,3.3,3.9,3.2,3.7,4.2,4.6,5.2,4.7,6.5,7.2,5.4,5.6,3.5,3.4,3.4,3.2,3.8,4.1,Unemployment rate,Percent or rate,16 years and over,Private wage and salary workers,Construction,-0.99696114
LNU03032232,549.0,497.0,485.0,489.0,422.0,465.0,491.0,515.0,416.0,463.0,401.0,271.0,455.0,399.0,464.0,459.0,429.0,409.0,396.0,420.0,433.0,495.0,478.0,487.0,456.0,444.0,512.0,450.0,469.0,416.0,398.0,469.0,537.0,514.0,481.0,537.0,517.0,542.0,487.0,605.0,456.0,479.0,552.0,547.0,544.0,641.0,555.0,571.0,507.0,Unemployed,Number in thousands,16 years and over,Private wage and salary workers,Manufacturing,
LNU04032232,3.6,3.2,3.1,3.2,2.8,3.0,3.2,3.3,2.8,3.1,2.7,1.8,3.0,2.6,3.0,2.9,2.8,2.7,2.6,2.7,2.7,3.2,3.1,3.1,3.0,2.8,3.4,3.0,3.0,2.7,2.7,3.1,3.6,3.5,3.2,3.6,3.4,3.5,3.2,3.9,2.9,3.1,3.6,3.6,3.6,4.2,3.8,3.7,3.3,Unemployment rate,Percent or rate,16 years and over,Private wage and salary workers,Manufacturing,
LNU03032233,305.0,324.0,343.0,312.0,256.0,277.0,276.0,278.0,236.0,319.0,254.0,175.0,279.0,228.0,268.0,257.0,240.0,245.0,238.0,261.0,264.0,278.0,318.0,286.0,206.0,257.0,284.0,270.0,311.0,281.0,188.0,278.0,298.0,301.0,278.0,390.0,344.0,334.0,297.0,316.0,316.0,288.0,320.0,356.0,334.0,413.0,287.0,361.0,270.0,Unemployed,Number in thousands,16 years and over,Private wage and salary workers,Durable goods manufacturing,-0.244721647368421
LNU04032233,3.1,3.3,3.5,3.3,2.7,2.9,2.9,2.8,2.5,3.3,2.6,1.8,2.9,2.3,2.6,2.5,2.4,2.5,2.4,2.6,2.6,2.8,3.3,2.9,2.1,2.6,2.9,2.8,3.1,2.9,2.0,2.8,3.1,3.2,2.9,4.1,3.5,3.3,3.1,3.2,3.1,2.9,3.2,3.6,3.4,4.2,3.0,3.6,2.6,Unemployment rate,Percent or rate,16 years and over,Private wage and salary workers,Durable goods manufacturing,-0.244721647368421
LNU03032234,245.0,174.0,142.0,177.0,166.0,189.0,215.0,237.0,181.0,144.0,148.0,95.0,176.0,172.0,196.0,202.0,190.0,164.0,158.0,159.0,169.0,217.0,160.0,201.0,250.0,186.0,227.0,180.0,158.0,134.0,210.0,191.0,239.0,212.0,204.0,146.0,172.0,208.0,190.0,289.0,141.0,190.0,232.0,191.0,211.0,228.0,268.0,210.0,237.0,Unemployed,Number in thousands,16 years and over,Private wage and salary workers,Nondurable goods manufacturing,-0.7778106903225807
LNU04032234,4.4,3.1,2.5,3.0,2.9,3.2,3.7,4.1,3.3,2.7,2.7,1.8,3.1,3.1,3.6,3.6,3.4,3.0,2.9,2.9,3.0,3.9,2.8,3.5,4.6,3.4,4.2,3.4,2.9,2.4,3.9,3.6,4.5,4.0,3.9,2.8,3.2,3.8,3.5,5.2,2.6,3.6,4.3,3.7,4.0,4.4,5.0,4.0,4.5,Unemployment rate,Percent or rate,16 years and over,Private wage and salary workers,Nondurable goods manufacturing,-0.7778106903225807
LNU03032235,956.0,983.0,881.0,805.0,819.0,799.0,804.0,724.0,768.0,699.0,666.0,688.0,799.0,992.0,1039.0,846.0,644.0,855.0,855.0,758.0,766.0,889.0,789.0,735.0,810.0,832.0,936.0,926.0,939.0,725.0,718.0,988.0,965.0,931.0,848.0,906.0,924.0,897.0,892.0,1135.0,967.0,933.0,862.0,1005.0,1001.0,877.0,891.0,928.0,1092.0,Unemployed,Number in thousands,16 years and over,Private wage and salary workers,Wholesale and retail trade,0.0685773676470588
LNU04032235,4.8,4.9,4.6,4.2,4.2,4.1,4.1,3.7,4.0,3.6,3.5,3.6,4.1,5.1,5.4,4.4,3.3,4.4,4.4,3.8,3.8,4.5,4.0,3.6,4.0,4.2,4.6,4.7,4.8,3.8,3.7,5.1,4.9,4.8,4.4,4.7,4.8,4.5,4.6,5.6,4.8,4.7,4.3,5.1,5.0,4.4,4.7,4.8,5.6,Unemployment rate,Percent or rate,16 years and over,Private wage and salary workers,Wholesale and retail trade,0.0685773676470588
LNU03032236,365.0,409.0,433.0,287.0,348.0,323.0,310.0,349.0,337.0,273.0,360.0,349.0,345.0,345.0,377.0,390.0,298.0,282.0,263.0,374.0,370.0,379.0,361.0,346.0,322.0,342.0,351.0,424.0,401.0,358.0,413.0,378.0,432.0,365.0,373.0,342.0,349.0,308.0,375.0,274.0,349.0,360.0,280.0,322.0,328.0,329.0,451.0,340.0,371.0,Unemployed,Number in thousands,16 years and over,Private wage and salary workers,Transportation and utilities,-0.3418978
LNU04032236,4.5,5.1,5.1,3.4,4.1,3.8,3.7,4.3,4.0,3.3,4.2,4.0,4.1,4.2,4.5,4.6,3.6,3.3,3.1,4.5,4.4,4.7,4.5,4.1,3.9,4.1,4.3,5.2,4.9,4.4,5.0,4.5,5.1,4.3,4.6,4.2,4.3,3.8,4.6,3.2,4.1,4.2,3.3,3.9,3.9,3.9,5.5,3.9,4.4,Unemployment rate,Percent or rate,16 years and over,Private wage and salary workers,Transportation and utilities,-0.3418978
LNU03032237,102.0,91.0,58.0,69.0,70.0,80.0,62.0,84.0,85.0,94.0,57.0,67.0,77.0,114.0,87.0,84.0,38.0,73.0,85.0,64.0,106.0,117.0,106.0,100.0,86.0,88.0,156.0,121.0,96.0,128.0,119.0,147.0,145.0,148.0,98.0,71.0,58.0,98.0,115.0,152.0,148.0,133.0,119.0,143.0,103.0,140.0,118.0,177.0,125.0,Unemployed,Number in thousands,16 years and over,Private wage and salary workers,Information,1.2675550444444446
LNU04032237,4.2,3.7,2.3,2.7,2.9,3.1,2.4,3.2,3.2,3.3,2.1,2.4,2.9,3.9,3.2,3.1,1.4,2.5,3.1,2.4,4.1,4.3,3.7,3.7,3.1,3.2,5.5,4.3,3.6,5.0,4.7,5.9,5.6,6.0,3.8,2.7,2.3,3.9,4.4,5.7,5.4,5.0,4.6,5.5,4.0,5.5,4.5,7.0,5.0,Unemployment rate,Percent or rate,16 years and over,Private wage and salary workers,Information,1.2675550444444446
LNU03032238,196.0,246.0,211.0,198.0,193.0,211.0,162.0,181.0,136.0,195.0,200.0,271.0,200.0,236.0,227.0,189.0,214.0,240.0,226.0,197.0,224.0,190.0,222.0,232.0,293.0,224.0,214.0,242.0,225.0,280.0,286.0,274.0,256.0,297.0,238.0,191.0,240.0,214.0,246.0,214.0,211.0,290.0,308.0,281.0,245.0,238.0,174.0,244.0,210.0,Unemployed,Number in thousands,16 years and over,Private wage and salary workers,Financial activities,1.538181275
LNU04032238,1.9,2.4,2.0,1.9,1.9,2.1,1.6,1.8,1.3,1.9,1.9,2.6,1.9,2.3,2.2,1.8,2.1,2.3,2.2,1.9,2.2,1.9,2.2,2.3,2.9,2.2,2.1,2.4,2.2,2.7,2.8,2.7,2.5,3.0,2.4,1.9,2.4,2.1,2.4,2.0,2.0,2.8,2.9,2.7,2.3,2.2,1.6,2.3,2.1,Unemployment rate,Percent or rate,16 years and over,Private wage and salary workers,Financial activities,1.538181275
LNU03032239,835.0,737.0,756.0,551.0,583.0,640.0,628.0,688.0,544.0,645.0,702.0,668.0,665.0,649.0,801.0,744.0,684.0,750.0,628.0,688.0,729.0,699.0,611.0,747.0,721.0,704.0,816.0,962.0,826.0,746.0,726.0,738.0,845.0,864.0,746.0,835.0,787.0,710.0,800.0,958.0,1038.0,847.0,702.0,673.0,724.0,696.0,885.0,803.0,857.0,Unemployed,Number in thousands,16 years and over,Private wage and salary workers,Professional and business services,0.6538997047619047
LNU04032239,4.5,3.9,4.0,3.0,3.1,3.4,3.3,3.5,2.9,3.5,3.7,3.5,3.5,3.5,4.2,3.9,3.7,3.9,3.3,3.5,3.7,3.6,3.2,3.9,3.9,3.7,4.3,5.1,4.4,4.0,3.7,3.7,4.2,4.2,3.7,4.2,4.0,3.7,4.1,4.9,5.3,4.3,3.6,3.4,3.6,3.3,4.2,3.9,4.2,Unemployment rate,Percent or rate,16 years and over,Private wage and salary workers,Professional and business services,0.6538997047619047
LNU03032240,699.0,754.0,628.0,556.0,620.0,803.0,785.0,760.0,659.0,677.0,521.0,483.0,662.0,599.0,611.0,604.0,494.0,595.0,733.0,722.0,822.0,638.0,593.0,528.0,560.0,625.0,667.0,587.0,611.0,559.0,745.0,823.0,973.0,975.0,816.0,820.0,781.0,700.0,755.0,739.0,785.0,780.0,678.0,750.0,924.0,1023.0,981.0,888.0,810.0,Unemployed,Number in thousands,16 years and over,Private wage and salary workers,Education and health services,0.7745416319999999
LNU04032240,2.9,3.0,2.5,2.2,2.5,3.3,3.2,3.1,2.6,2.7,2.1,2.0,2.7,2.4,2.4,2.4,1.9,2.3,2.8,2.8,3.2,2.4,2.3,2.0,2.2,2.4,2.6,2.2,2.3,2.1,2.9,3.1,3.7,3.7,3.1,3.1,3.0,2.7,2.9,2.7,2.8,2.8,2.5,2.7,3.4,3.8,3.7,3.3,3.0,Unemployment rate,Percent or rate,16 years and over,Private wage and salary workers,Education and health services,0.7745416319999999
LNU03032241,1046.0,849.0,771.0,641.0,681.0,721.0,677.0,839.0,802.0,738.0,769.0,694.0,769.0,797.0,693.0,684.0,686.0,717.0,735.0,836.0,817.0,734.0,757.0,758.0,662.0,740.0,814.0,810.0,746.0,784.0,824.0,743.0,811.0,748.0,761.0,818.0,830.0,715.0,784.0,983.0,983.0,828.0,734.0,891.0,896.0,883.0,890.0,939.0,802.0,Unemployed,Number in thousands,16 years and over,Private wage and salary workers,Leisure and hospitality,-0.3151947
LNU04032241,8.2,6.6,5.9,4.8,5.1,5.2,4.8,6.1,5.9,5.5,5.8,5.4,5.8,6.0,5.2,5.0,5.0,5.2,5.1,5.8,5.8,5.4,5.5,5.5,4.8,5.3,6.0,5.9,5.5,5.7,5.9,5.2,5.5,5.5,5.6,6.0,6.2,5.4,5.7,7.4,7.4,6.2,5.4,6.4,6.4,6.2,6.4,6.7,5.9,Unemployment rate,Percent or rate,16 years and over,Private wage and salary workers,Leisure and hospitality,-0.3151947
LNU03032242,317.0,207.0,200.0,209.0,200.0,169.0,194.0,231.0,189.0,174.0,165.0,170.0,202.0,209.0,194.0,208.0,139.0,195.0,140.0,187.0,232.0,211.0,264.0,234.0,236.0,204.0,269.0,265.0,300.0,235.0,219.0,263.0,219.0,219.0,192.0,217.0,207.0,252.0,238.0,240.0,277.0,337.0,257.0,221.0,228.0,259.0,298.0,257.0,265.0,Unemployed,Number in thousands,16 years and over,Private wage and salary workers,Other services,-0.0255067461538461
LNU04032242,4.9,3.5,3.2,3.3,3.1,2.5,2.8,3.3,2.8,2.5,2.5,2.7,3.1,3.3,3.1,3.3,2.1,2.9,2.1,2.7,3.5,3.1,3.8,3.4,3.5,3.1,4.0,3.9,4.4,3.5,3.4,3.9,3.2,3.3,2.8,3.1,3.0,3.8,3.5,3.6,4.2,5.0,3.8,3.2,3.2,3.9,4.5,3.7,3.8,Unemployment rate,Percent or rate,16 years and over,Private wage and salary workers,Other services,-0.0255067461538461
LNU03035109,129.0,144.0,107.0,62.0,49.0,69.0,82.0,105.0,46.0,81.0,85.0,75.0,86.0,70.0,105.0,108.0,68.0,75.0,85.0,63.0,93.0,62.0,106.0,105.0,110.0,88.0,120.0,140.0,105.0,83.0,116.0,77.0,152.0,207.0,135.0,73.0,54.0,139.0,117.0,138.0,117.0,131.0,107.0,97.0,97.0,64.0,98.0,111.0,175.0,Unemployed,Number in thousands,16 years and over,Private wage and salary workers,Agriculture and related industries,-1.5582573333333334
LNU04035109,8.5,9.4,7.0,4.3,3.1,4.4,4.7,6.7,3.2,5.1,5.6,5.0,5.6,4.9,7.1,7.4,4.6,4.6,5.1,3.8,5.8,3.9,6.7,6.6,7.0,5.6,8.0,9.0,7.1,5.4,7.3,4.3,8.5,11.3,7.9,4.5,3.7,8.8,7.2,8.8,8.0,8.2,7.0,6.6,5.7,3.6,6.0,7.0,11.6,Unemployment rate,Percent or rate,16 years and over,Private wage and salary workers,Agriculture and related industries,-1.5582573333333334
LNU03028615,477.0,386.0,324.0,328.0,356.0,653.0,802.0,591.0,388.0,321.0,332.0,381.0,445.0,429.0,374.0,372.0,343.0,386.0,649.0,657.0,599.0,393.0,354.0,305.0,330.0,433.0,402.0,373.0,372.0,267.0,410.0,631.0,762.0,659.0,434.0,399.0,372.0,445.0,461.0,363.0,440.0,423.0,413.0,455.0,691.0,793.0,754.0,547.0,613.0,Unemployed,Number in thousands,16 years and over,Government wage and salary workers,,
LNU04028615,2.2,1.8,1.5,1.5,1.7,3.1,3.8,2.8,1.8,1.5,1.5,1.7,2.1,1.9,1.7,1.7,1.5,1.8,3.0,3.1,2.8,1.8,1.6,1.4,1.5,2.0,1.8,1.7,1.7,1.2,1.8,2.9,3.5,3.0,1.9,1.8,1.6,1.9,2.1,1.6,2.0,1.9,1.8,2.0,3.2,3.7,3.3,2.4,2.7,Unemployment rate,Percent or rate,16 years and over,Government wage and salary workers,,
LNU03035181,416.0,399.0,331.0,378.0,273.0,284.0,234.0,263.0,288.0,325.0,323.0,391.0,326.0,354.0,306.0,334.0,244.0,261.0,340.0,288.0,313.0,278.0,367.0,201.0,359.0,304.0,351.0,359.0,343.0,296.0,212.0,356.0,322.0,309.0,356.0,354.0,429.0,307.0,333.0,417.0,431.0,444.0,385.0,322.0,296.0,354.0,361.0,272.0,360.0,Unemployed,Number in thousands,16 years and over,"Self-employed unincorporated, and unpaid family workers (8 and 9)",,
LNU04035181,4.1,3.9,3.2,3.7,2.6,2.7,2.3,2.6,2.8,3.1,3.2,3.9,3.2,3.5,3.0,3.3,2.4,2.6,3.3,2.9,3.1,2.7,3.6,2.0,3.5,3.0,3.5,3.5,3.3,2.9,2.0,3.5,3.1,2.9,3.4,3.4,4.2,3.0,3.2,4.2,4.3,4.3,3.7,3.1,2.9,3.5,3.5,2.7,3.4,Unemployment rate,Percent or rate,16 years and over,"Self-employed unincorporated, and unpaid family workers (8 and 9)",,
